,tempC,windspeedKmph,humidity,pressureMB
2024-03-31 00:00:00,15.407905,8.275215,66.980995,1014.6799
2024-03-31 01:00:00,14.854464,7.5131226,69.49898,1014.49335
2024-03-31 02:00:00,14.31322,6.955646,72.07356,1014.2501
2024-03-31 03:00:00,13.802131,6.665581,74.09638,1014.0096
2024-03-31 04:00:00,13.357698,6.5479274,76.06915,1013.88025
2024-03-31 05:00:00,13.128528,6.6833014,77.02009,1013.78107
2024-03-31 06:00:00,13.262906,6.982628,76.29912,1013.7498
2024-03-31 07:00:00,13.6553755,7.40403,75.057304,1013.7974
2024-03-31 08:00:00,14.587619,8.063173,71.855965,1013.80237
2024-03-31 09:00:00,16.090923,8.922666,66.51712,1013.7418
2024-03-31 10:00:00,17.630424,9.82616,61.24109,1013.5121
2024-03-31 11:00:00,19.168924,10.664419,56.109745,1013.1232
2024-03-31 12:00:00,20.634619,11.331306,51.40396,1012.6122
2024-03-31 13:00:00,21.857824,11.827013,47.659325,1011.9431
2024-03-31 14:00:00,22.755219,12.124547,45.33607,1011.2423
2024-03-31 15:00:00,23.270794,12.243672,44.579937,1010.57007
2024-03-31 16:00:00,23.515476,12.262014,44.504097,1009.8893
2024-03-31 17:00:00,23.322035,12.115966,45.99614,1009.3374
2024-03-31 18:00:00,22.654732,11.869718,49.311653,1008.9242
2024-03-31 19:00:00,21.830622,11.624137,53.044952,1008.5685
2024-03-31 20:00:00,20.83426,11.329272,57.450634,1008.334
2024-03-31 21:00:00,19.720486,11.028414,62.573196,1008.1701
2024-03-31 22:00:00,18.714254,10.760086,67.4105,1008.0109
2024-03-31 23:00:00,17.810549,10.440053,71.69259,1007.8664
2024-04-01 00:00:00,16.986897,10.088297,75.52788,1007.7102
2024-04-01 01:00:00,16.296656,9.765589,78.82546,1007.5856
2024-04-01 02:00:00,15.721557,9.4966345,81.39464,1007.47284
2024-04-01 03:00:00,15.237029,9.3016205,83.3685,1007.39343
2024-04-01 04:00:00,14.8642435,9.204333,85.03485,1007.4204
2024-04-01 05:00:00,14.695421,9.272302,85.76137,1007.4948
2024-04-01 06:00:00,14.813341,9.503341,85.18187,1007.626
2024-04-01 07:00:00,15.17332,9.886868,83.822556,1007.80963
2024-04-01 08:00:00,15.898626,10.472602,81.00081,1007.9709
2024-04-01 09:00:00,17.023623,11.225812,76.50621,1008.0818
2024-04-01 10:00:00,18.285217,12.039638,71.48519,1008.07825
2024-04-01 11:00:00,19.602894,12.819029,66.269005,1007.953
2024-04-01 12:00:00,20.892687,13.475252,61.23875,1007.7216
2024-04-01 13:00:00,22.004517,13.966463,57.011158,1007.3681
2024-04-01 14:00:00,22.850365,14.267467,54.05861,1006.9672
2024-04-01 15:00:00,23.38061,14.391502,52.550377,1006.565
2024-04-01 16:00:00,23.630573,14.372627,52.076004,1006.1609
2024-04-01 17:00:00,23.519157,14.165238,53.05503,1005.836
2024-04-01 18:00:00,23.026703,13.787371,55.609234,1005.60724
2024-04-01 19:00:00,22.320526,13.3017,58.951714,1005.446
2024-04-01 20:00:00,21.437252,12.714728,63.006,1005.3804
2024-04-01 21:00:00,20.439875,12.081277,67.63758,1005.38416
2024-04-01 22:00:00,19.480347,11.465342,72.15511,1005.4247
2024-04-01 23:00:00,18.600872,10.866173,76.19861,1005.49255
2024-04-02 00:00:00,17.806757,10.306643,79.72159,1005.5671
2024-04-02 01:00:00,17.131866,9.822363,82.66027,1005.6669
2024-04-02 02:00:00,16.578596,9.43119,84.91996,1005.78564
2024-04-02 03:00:00,16.141582,9.144287,86.56829,1005.9324
2024-04-02 04:00:00,15.836025,8.974011,87.756065,1006.1434
2024-04-02 05:00:00,15.713739,8.952942,88.209335,1006.39746
2024-04-02 06:00:00,15.8313055,9.087599,87.66543,1006.6873
2024-04-02 07:00:00,16.185091,9.374028,86.26854,1007.0037
2024-04-02 08:00:00,16.823547,9.828238,83.744514,1007.3044
2024-04-02 09:00:00,17.765442,10.429915,79.94488,1007.5593
2024-04-02 10:00:00,18.889473,11.118459,75.3521,1007.7233
2024-04-02 11:00:00,20.107342,11.816136,70.32221,1007.7759
2024-04-02 12:00:00,21.324251,12.43627,65.28017,1007.7165
2024-04-02 13:00:00,22.422243,12.916184,60.757713,1007.54266
2024-04-02 14:00:00,23.319187,13.222402,57.192127,1007.29486
2024-04-02 15:00:00,23.960457,13.361027,54.825176,1007.01245
2024-04-02 16:00:00,24.33391,13.357634,53.591473,1006.718
2024-04-02 17:00:00,24.39473,13.2076435,53.6625,1006.4622
2024-04-02 18:00:00,24.122454,12.919316,55.119083,1006.27246
2024-04-02 19:00:00,23.583729,12.521662,57.644516,1006.1494
2024-04-02 20:00:00,22.826736,12.033624,61.08555,1006.1046
2024-04-02 21:00:00,21.91872,11.492501,65.23926,1006.1274
2024-04-02 22:00:00,20.972485,10.941588,69.64272,1006.19806
2024-04-02 23:00:00,20.06214,10.400936,73.89548,1006.3024
2024-04-03 00:00:00,19.229053,9.891826,77.74201,1006.42365
2024-04-03 01:00:00,18.504948,9.438455,81.024216,1006.56177
2024-04-03 02:00:00,17.901062,9.058866,83.64947,1006.7152
2024-04-03 03:00:00,17.421421,8.7687435,85.62637,1006.8902
2024-04-03 04:00:00,17.07818,8.583913,87.01732,1007.1057
2024-04-03 05:00:00,16.90353,8.526018,87.70621,1007.35693
2024-04-03 06:00:00,16.938507,8.605476,87.53943,1007.6389
2024-04-03 07:00:00,17.203978,8.826649,86.49919,1007.94135
2024-04-03 08:00:00,17.733728,9.198512,84.415184,1008.23535
2024-04-03 09:00:00,18.542803,9.711151,81.1707,1008.493
2024-04-03 10:00:00,19.569942,10.326287,76.98938,1008.67847
2024-04-03 11:00:00,20.736782,10.982042,72.174416,1008.765
2024-04-03 12:00:00,21.947319,11.598605,67.136475,1008.74133
2024-04-03 13:00:00,23.092163,12.104301,62.37829,1008.6051
2024-04-03 14:00:00,24.086834,12.456269,58.33855,1008.38104
2024-04-03 15:00:00,24.871897,12.6522455,55.305332,1008.1017
2024-04-03 16:00:00,25.414696,12.715303,53.36044,1007.7965
2024-04-03 17:00:00,25.675882,12.658105,52.62401,1007.50696
2024-04-03 18:00:00,25.628145,12.489633,53.167355,1007.2654
2024-04-03 19:00:00,25.291662,12.222285,54.860588,1007.08606
2024-04-03 20:00:00,24.697893,11.865711,57.591427,1006.9803
2024-04-03 21:00:00,23.90086,11.439767,61.192345,1006.94495
2024-04-03 22:00:00,22.990194,10.971361,65.33327,1006.96606
2024-04-03 23:00:00,22.050583,10.481907,69.64964,1007.0297
2024-04-04 00:00:00,21.148773,9.995051,73.81211,1007.12
2024-04-04 01:00:00,20.333157,9.537149,77.562294,1007.2293
2024-04-04 02:00:00,19.628855,9.131305,80.730354,1007.3538
2024-04-04 03:00:00,19.047327,8.798168,83.256355,1007.49677
2024-04-04 04:00:00,18.599953,8.557319,85.15122,1007.67035
2024-04-04 05:00:00,18.309652,8.428948,86.35393,1007.8774
2024-04-04 06:00:00,18.210157,8.427286,86.75423,1008.11597
2024-04-04 07:00:00,18.33259,8.562432,86.27495,1008.37854
2024-04-04 08:00:00,18.712202,8.844752,84.770515,1008.6439
2024-04-04 09:00:00,19.371826,9.273195,82.11472,1008.8863
2024-04-04 10:00:00,20.286974,9.82635,78.37652,1009.0741
2024-04-04 11:00:00,21.398636,10.457775,73.765236,1009.17615
2024-04-04 12:00:00,22.615358,11.094171,68.65012,1009.17126
2024-04-04 13:00:00,23.826155,11.653939,63.532333,1009.05066
2024-04-04 14:00:00,24.937319,12.076747,58.89009,1008.8282
2024-04-04 15:00:00,25.881472,12.345168,55.07347,1008.53094
2024-04-04 16:00:00,26.613995,12.47843,52.26261,1008.18945
2024-04-04 17:00:00,27.093523,12.501421,50.58567,1007.84283
2024-04-04 18:00:00,27.284851,12.430855,50.122772,1007.52734
2024-04-04 19:00:00,27.178854,12.274889,50.84426,1007.2675
2024-04-04 20:00:00,26.78454,12.035854,52.699474,1007.0802
2024-04-04 21:00:00,26.135887,11.720764,55.583797,1006.96906
2024-04-04 22:00:00,25.299976,11.342073,59.27357,1006.92523
2024-04-04 23:00:00,24.356844,10.912463,63.476433,1006.9349
2024-04-05 00:00:00,23.386007,10.449963,67.86617,1006.98236
2024-04-05 01:00:00,22.45655,9.980343,72.11896,1007.05524
2024-04-05 02:00:00,21.615309,9.53224,75.964325,1007.1459
2024-04-05 03:00:00,20.887566,9.133983,79.23752,1007.2535
2024-04-05 04:00:00,20.288397,8.811742,81.873924,1007.3853
2024-04-05 05:00:00,19.83589,8.588819,83.81574,1007.54767
2024-04-05 06:00:00,19.557365,8.483536,84.97887,1007.7433
2024-04-05 07:00:00,19.48671,8.510919,85.27054,1007.9688
2024-04-05 08:00:00,19.664381,8.685419,84.5458,1008.2096
2024-04-05 09:00:00,20.12546,9.014804,82.65102,1008.4429
2024-04-05 10:00:00,20.874979,9.4926405,79.54043,1008.63934
2024-04-05 11:00:00,21.880627,10.089685,75.30628,1008.7657
2024-04-05 12:00:00,23.06554,10.744241,70.233215,1008.79144
2024-04-05 13:00:00,24.3174,11.369345,64.80266,1008.69794
2024-04-05 14:00:00,25.52781,11.882912,59.549553,1008.4885
2024-04-05 15:00:00,26.615437,12.242272,54.914776,1008.1842
2024-04-05 16:00:00,27.525154,12.454181,51.176064,1007.8147
2024-04-05 17:00:00,28.211838,12.550568,48.503517,1007.418
2024-04-05 18:00:00,28.633596,12.560351,47.00071,1007.0338
2024-04-05 19:00:00,28.7615,12.496701,46.697636,1006.695
2024-04-05 20:00:00,28.582834,12.359949,47.596596,1006.4259
2024-04-05 21:00:00,28.110212,12.14974,49.653275,1006.2387
2024-04-05 22:00:00,27.390179,11.869212,52.725872,1006.1308
2024-04-05 23:00:00,26.49208,11.521513,56.59227,1006.09015
2024-04-06 00:00:00,25.495552,11.112791,60.96834,1006.09955
2024-04-06 01:00:00,24.48026,10.658378,65.52608,1006.14233
2024-04-06 02:00:00,23.512218,10.184163,69.93743,1006.20667
2024-04-06 03:00:00,22.635399,9.723954,73.94032,1006.2875
2024-04-06 04:00:00,21.875242,9.313608,77.374214,1006.38727
2024-04-06 05:00:00,21.250408,8.985168,80.138,1006.5126
2024-04-06 06:00:00,20.783335,8.763842,82.14496,1006.66956
2024-04-06 07:00:00,20.50538,8.66976,83.30168,1006.8602
2024-04-06 08:00:00,20.458887,8.721548,83.46848,1007.0769
2024-04-06 09:00:00,20.689047,8.934301,82.473305,1007.3014
2024-04-06 10:00:00,21.224298,9.314207,80.19053,1007.50696
2024-04-06 11:00:00,22.06106,9.849629,76.59856,1007.66016
2024-04-06 12:00:00,23.147827,10.497064,71.861176,1007.72516
2024-04-06 13:00:00,24.381535,11.175885,66.38671,1007.67255
2024-04-06 14:00:00,25.641396,11.789213,60.73491,1007.49335
2024-04-06 15:00:00,26.82699,12.264962,55.442238,1007.2017
2024-04-06 16:00:00,27.869104,12.58512,50.897526,1006.82544
2024-04-06 17:00:00,28.717098,12.776254,47.34099,1006.40125
2024-04-06 18:00:00,29.324854,12.875229,44.91533,1005.9702
2024-04-06 19:00:00,29.651329,12.902409,43.6933,1005.5713
2024-04-06 20:00:00,29.666656,12.85824,43.715256,1005.23517
2024-04-06 21:00:00,29.363752,12.7372,44.983944,1004.9817
2024-04-06 22:00:00,28.770706,12.537655,47.418938,1004.81586
2024-04-06 23:00:00,27.94669,12.25993,50.850822,1004.72925
2024-04-07 00:00:00,26.96883,11.904627,55.033497,1004.7047
2024-04-07 01:00:00,25.920034,11.477536,59.65629,1004.72284
2024-04-07 02:00:00,24.876158,10.996,64.37455,1004.7672
2024-04-07 03:00:00,23.894907,10.491501,68.8694,1004.82837
2024-04-07 04:00:00,23.012985,10.005197,72.90585,1004.90466
2024-04-07 05:00:00,22.25344,9.578779,76.33113,1005.0009
2024-04-07 06:00:00,21.636826,9.247124,79.037895,1005.12415
2024-04-07 07:00:00,21.19034,9.03724,80.930565,1005.2803
2024-04-07 08:00:00,20.953638,8.972021,81.88137,1005.4676
2024-04-07 09:00:00,20.975983,9.071724,81.71742,1005.67395
2024-04-07 10:00:00,21.300909,9.35123,80.269684,1005.8766
2024-04-07 11:00:00,21.947954,9.8128605,77.434586,1006.04346
2024-04-07 12:00:00,22.893023,10.432171,73.25927,1006.13696
2024-04-07 13:00:00,24.05336,11.144548,68.03974,1006.1205
2024-04-07 14:00:00,25.306255,11.852548,62.302906,1005.97345
2024-04-07 15:00:00,26.533173,12.462891,56.6478,1005.7012
2024-04-07 16:00:00,27.646755,12.928885,51.57126,1005.3287
2024-04-07 17:00:00,28.586868,13.259192,47.402687,1004.89185
2024-04-07 18:00:00,29.303604,13.486753,44.340767,1004.4326
2024-04-07 19:00:00,29.74981,13.631538,42.500034,1003.99316
2024-04-07 20:00:00,29.8861,13.688748,41.94851,1003.60895
2024-04-07 21:00:00,29.693333,13.643589,42.715797,1003.3047
2024-04-07 22:00:00,29.18724,13.488613,44.756256,1003.0906
2024-04-07 23:00:00,28.42059,13.226327,47.924335,1002.9619
2024-04-08 00:00:00,27.470324,12.863719,51.98095,1002.9032
2024-04-08 01:00:00,26.421667,12.411386,56.611362,1002.8943
2024-04-08 02:00:00,25.354551,11.888415,61.454975,1002.91626
2024-04-08 03:00:00,24.332632,11.326663,66.15939,1002.95654
2024-04-08 04:00:00,23.398113,10.768959,70.44836,1003.01013
2024-04-08 05:00:00,22.57661,10.261272,74.14571,1003.0791
2024-04-08 06:00:00,21.88809,9.844391,77.142586,1003.16986
2024-04-08 07:00:00,21.357092,9.550609,79.35343,1003.289
2024-04-08 08:00:00,21.019619,9.406399,80.67227,1003.43835
2024-04-08 09:00:00,20.923742,9.435577,80.94372,1003.6102
2024-04-08 10:00:00,21.118742,9.658243,79.98715,1003.7859
2024-04-08 11:00:00,21.63615,10.08481,77.658806,1003.9359
2024-04-08 12:00:00,22.46872,10.703251,73.935646,1004.0226
2024-04-08 13:00:00,23.551062,11.462957,69.024025,1004.0064
2024-04-08 14:00:00,24.765327,12.273068,63.398174,1003.8599
2024-04-08 15:00:00,25.981918,13.03241,57.680107,1003.5816
2024-04-08 16:00:00,27.09724,13.675706,52.44284,1003.1946
2024-04-08 17:00:00,28.039581,14.192761,48.094128,1002.7352
2024-04-08 18:00:00,28.75364,14.600779,44.888992,1002.247
2024-04-08 19:00:00,29.189062,14.902244,42.982906,1001.7746
2024-04-08 20:00:00,29.305527,15.071683,42.463375,1001.3561
2024-04-08 21:00:00,29.08687,15.075824,43.356426,1001.0171
2024-04-08 22:00:00,28.554409,14.898847,45.597015,1000.7687
2024-04-08 23:00:00,27.768599,14.549966,48.9957,1000.6064
2024-04-09 00:00:00,26.813652,14.055984,53.24728,1000.5139
2024-04-09 01:00:00,25.777206,13.453542,57.973206,1000.47064
2024-04-09 02:00:00,24.736256,12.786794,62.77505,1000.4573
2024-04-09 03:00:00,23.74902,12.1056795,67.29573,1000.4598
2024-04-09 04:00:00,22.852613,11.461425,71.28173,1000.4711
2024-04-09 05:00:00,22.069485,10.900793,74.59962,1000.4913
2024-04-09 06:00:00,21.41907,10.462307,77.18619,1000.5244
2024-04-09 07:00:00,20.926908,10.176181,78.98861,1000.5756
2024-04-09 08:00:00,20.628788,10.067794,79.92686,1000.6461
2024-04-09 09:00:00,20.570436,10.161425,79.86849,1000.72986
2024-04-09 10:00:00,20.798761,10.478985,78.64197,1000.81006
2024-04-09 11:00:00,21.342432,11.032188,76.10638,1000.85944
2024-04-09 12:00:00,22.188414,11.807956,72.25177,1000.8417
2024-04-09 13:00:00,23.263578,12.751716,67.30924,1000.719
2024-04-09 14:00:00,24.44213,13.768396,61.78927,1000.4678
2024-04-09 15:00:00,25.587126,14.757015,56.352196,1000.0921
2024-04-09 16:00:00,26.588478,15.653706,51.59581,999.6205
2024-04-09 17:00:00,27.369,16.435158,47.937927,999.0937
2024-04-09 18:00:00,27.870712,17.076725,45.63605,998.5587
2024-04-09 19:00:00,28.049698,17.519903,44.832523,998.06165
2024-04-09 20:00:00,27.890724,17.689323,45.549324,997.63745
2024-04-09 21:00:00,27.420794,17.534843,47.670406,997.3037
2024-04-09 22:00:00,26.70594,17.060036,50.933582,997.06055
2024-04-09 23:00:00,25.83455,16.323656,54.948826,996.8909
2024-04-10 00:00:00,24.893702,15.420287,59.275253,996.7703
2024-04-10 01:00:00,23.951864,14.4567585,63.519093,996.67487
2024-04-10 02:00:00,23.056702,13.534742,67.38489,996.58527
2024-04-10 03:00:00,22.240858,12.738588,70.67651,996.4881
2024-04-10 04:00:00,21.528164,12.129124,73.286316,996.37585
2024-04-10 05:00:00,20.940495,11.745547,75.16868,996.2465
2024-04-10 06:00:00,20.504477,11.61258,76.2889,996.1012
2024-04-10 07:00:00,20.253723,11.747184,76.58977,995.9419
2024-04-10 08:00:00,20.226295,12.162049,75.98837,995.77014
2024-04-10 09:00:00,20.460035,12.86475,74.376465,995.5831
2024-04-10 10:00:00,20.979298,13.848075,71.663246,995.3713
2024-04-10 11:00:00,21.767488,15.073391,67.89566,995.1186
2024-04-10 12:00:00,22.744493,16.46172,63.372517,994.8072
2024-04-10 13:00:00,23.77579,17.907251,58.641758,994.42816
2024-04-10 14:00:00,24.714453,19.30656,54.348938,993.99023
2024-04-10 15:00:00,25.444595,20.571356,51.032776,993.51917
2024-04-10 16:00:00,25.897057,21.605906,49.011616,993.0533
2024-04-10 17:00:00,26.046038,22.28413,48.3765,992.63257
2024-04-10 18:00:00,25.908722,22.476648,49.018513,992.28644
2024-04-10 19:00:00,25.54165,22.113724,50.67133,992.022
2024-04-10 20:00:00,25.02046,21.22791,52.997654,991.8261
2024-04-10 21:00:00,24.412724,19.94904,55.695934,991.67633
2024-04-10 22:00:00,23.763794,18.470005,58.553745,991.5479
2024-04-10 23:00:00,23.10033,17.007645,61.42655,991.42
2024-04-11 00:00:00,22.44332,15.76509,64.17795,991.2756
2024-04-11 01:00:00,21.821482,14.901719,66.62617,991.10114
2024-04-11 02:00:00,21.275131,14.515954,68.54484,990.88806
2024-04-11 03:00:00,20.8493,14.63689,69.725334,990.6367
2024-04-11 04:00:00,20.586018,15.223144,70.03847,990.36096
2024-04-11 05:00:00,20.518568,16.174074,69.453285,990.0854
2024-04-11 06:00:00,20.663591,17.35729,68.03187,989.8391
2024-04-11 07:00:00,21.01326,18.643501,65.91082,989.6435
2024-04-11 08:00:00,21.531816,19.930483,63.27649,989.5034
2024-04-11 09:00:00,22.155722,21.147282,60.360115,989.40686
2024-04-11 10:00:00,22.80025,22.243238,57.44323,989.333
2024-04-11 11:00:00,23.378086,23.173183,54.828564,989.26337
2024-04-11 12:00:00,23.821793,23.886496,52.774628,989.18756
2024-04-11 13:00:00,24.095066,24.32272,51.44234,989.1045
2024-04-11 14:00:00,24.191307,24.418585,50.881664,989.0175
2024-04-11 15:00:00,24.127216,24.129637,51.049644,988.9303
2024-04-11 16:00:00,23.93375,23.457129,51.85047,988.8446
2024-04-11 17:00:00,23.64446,22.463963,53.179905,988.7623
2024-04-11 18:00:00,23.286682,21.27128,54.941383,988.68475
2024-04-11 19:00:00,22.881292,20.037462,57.026093,988.6117
2024-04-11 20:00:00,22.449417,18.928045,59.28215,988.5405
2024-04-11 21:00:00,22.020044,18.087063,61.495975,988.4673
2024-04-11 22:00:00,21.632706,17.61512,63.402317,988.3887
2024-04-11 23:00:00,21.332066,17.554281,64.737465,988.3042
2024-04-12 00:00:00,21.157736,17.882181,65.31693,988.21906
2024-04-12 01:00:00,21.135017,18.52102,65.08658,988.1437
2024-04-12 02:00:00,21.267836,19.360376,64.1239,988.0897
2024-04-12 03:00:00,21.535007,20.283302,62.608475,988.0642
2024-04-12 04:00:00,21.893747,21.186275,60.777317,988.0669
2024-04-12 05:00:00,22.29029,21.989471,58.87431,988.09033
2024-04-12 06:00:00,22.672176,22.63773,57.11122,988.1243
2024-04-12 07:00:00,22.997604,23.095818,55.647068,988.15875
2024-04-12 08:00:00,23.240406,23.34357,54.579533,988.1861
2024-04-12 09:00:00,23.390236,23.373737,53.9493,988.201
2024-04-12 10:00:00,23.448843,23.19251,53.756447,988.201
2024-04-12 11:00:00,23.425224,22.821754,53.976566,988.1861
2024-04-12 12:00:00,23.331768,22.301031,54.567898,988.159
2024-04-12 13:00:00,23.181908,21.686327,55.472645,988.1237
2024-04-12 14:00:00,22.989353,21.044258,56.615345,988.08496
2024-04-12 15:00:00,22.76917,20.443659,57.897667,988.0465
2024-04-12 16:00:00,22.53936,19.94678,59.196568,988.01056
2024-04-12 17:00:00,22.320906,19.601263,60.374897,987.97815
2024-04-12 18:00:00,22.136229,19.434608,61.301346,987.95013
2024-04-12 19:00:00,22.00654,19.45213,61.872044,987.927
2024-04-12 20:00:00,21.948158,19.638123,62.030067,987.90985
2024-04-12 21:00:00,21.968876,19.959812,61.776367,987.9
2024-04-12 22:00:00,22.065874,20.373585,61.16641,987.8982
2024-04-12 23:00:00,22.225704,20.831577,60.297066,987.9041
2024-04-13 00:00:00,22.42646,21.286968,59.28994,987.9165
2024-04-13 01:00:00,22.642008,21.697674,58.27172,987.9331
2024-04-13 02:00:00,22.84704,22.02897,57.35418,987.9512
2024-04-13 03:00:00,23.021059,22.255173,56.62098,987.9683
2024-04-13 04:00:00,23.150438,22.36074,56.12311,987.98254
2024-04-13 05:00:00,23.228811,22.341465,55.8798,987.9921
2024-04-13 06:00:00,23.256094,22.205309,55.884033,987.99603
2024-04-13 07:00:00,23.236666,21.97196,56.110744,987.99365
2024-04-13 08:00:00,23.177698,21.67089,56.522804,987.9855
2024-04-13 09:00:00,23.088093,21.338028,57.073364,987.9722
2024-04-13 10:00:00,22.97789,21.0112,57.70752,987.9552
2024-04-13 11:00:00,22.857988,20.725243,58.364502,987.9359
2024-04-13 12:00:00,22.739914,20.507826,58.980648,987.9159
2024-04-13 13:00:00,22.635199,20.37662,59.49508,987.8968
2024-04-13 14:00:00,22.554234,20.337952,59.85806,987.87976
2024-04-13 15:00:00,22.504993,20.38729,60.038208,987.86646
2024-04-13 16:00:00,22.492048,20.51132,60.02606,987.85803
2024-04-13 17:00:00,22.515862,20.690786,59.834618,987.8547
2024-04-13 18:00:00,22.572681,20.903519,59.49641,987.8566
2024-04-13 19:00:00,22.655212,21.127161,59.057167,987.8628
2024-04-13 20:00:00,22.753714,21.341204,58.568924,987.8718
2024-04-13 21:00:00,22.857313,21.528051,58.084084,987.88214
2024-04-13 22:00:00,22.955473,21.673737,57.64989,987.89233
2024-04-13 23:00:00,23.039213,21.76842,57.30377,987.9008
2024-04-14 00:00:00,23.102,21.806767,57.070934,987.90686
2024-04-14 01:00:00,23.140001,21.788214,56.96379,987.9101
2024-04-14 02:00:00,23.152147,21.717117,56.982246,987.9102
2024-04-14 03:00:00,23.139793,21.60257,57.115044,987.9076
2024-04-14 04:00:00,23.106272,21.45768,57.342026,987.9025
2024-04-14 05:00:00,23.056417,21.298347,57.636097,987.89575
2024-04-14 06:00:00,22.996168,21.141668,57.965225,987.88763
2024-04-14 07:00:00,22.932049,21.003906,58.295353,987.87885
2024-04-14 08:00:00,22.870642,20.898628,58.593616,987.86993
2024-04-14 09:00:00,22.818068,20.835108,58.831413,987.8613
2024-04-14 10:00:00,22.779366,20.817465,58.987545,987.85376
2024-04-14 11:00:00,22.757936,20.844385,59.05073,987.84784
2024-04-14 12:00:00,22.755175,20.90976,59.020527,987.8438
2024-04-14 13:00:00,22.770407,21.003855,58.90654,987.8421
2024-04-14 14:00:00,22.80104,21.114838,58.72664,987.8429
2024-04-14 15:00:00,22.842999,21.230297,58.504135,987.8459
2024-04-14 16:00:00,22.891333,21.338642,58.264446,987.85046
2024-04-14 17:00:00,22.94088,21.430174,58.032127,987.8561
2024-04-14 18:00:00,22.98683,21.497713,57.828655,987.8618
2024-04-14 19:00:00,23.025179,21.536985,57.670662,987.86694
2024-04-14 20:00:00,23.053059,21.546667,57.56898,987.87085
2024-04-14 21:00:00,23.06883,21.52818,57.52858,987.873
2024-04-14 22:00:00,23.072083,21.485317,57.54875,987.8735
2024-04-14 23:00:00,23.06353,21.423784,57.623524,987.8722
2024-04-15 00:00:00,23.044874,21.350594,57.742443,987.86945
2024-04-15 01:00:00,23.018576,21.273403,57.891693,987.86554
2024-04-15 02:00:00,22.987637,21.199818,58.05529,987.8612
2024-04-15 03:00:00,22.955334,21.136707,58.21647,987.8565
2024-04-15 04:00:00,22.924929,21.089596,58.35944,987.8522
2024-04-15 05:00:00,22.899347,21.062145,58.470963,987.84827
2024-04-15 06:00:00,22.880943,21.055904,58.541588,987.8452
2024-04-15 07:00:00,22.87122,21.070236,58.566547,987.843
2024-04-15 08:00:00,22.870718,21.102493,58.546177,987.842
2024-04-15 09:00:00,22.87899,21.148396,58.485535,987.84186
2024-04-15 10:00:00,22.894678,21.20256,58.393486,987.84265
2024-04-15 11:00:00,22.915737,21.259132,58.281544,987.84436
2024-04-15 12:00:00,22.9397,21.312366,58.162384,987.8467
2024-04-15 13:00:00,22.963972,21.357235,58.04834,987.8494
2024-04-15 14:00:00,22.986158,21.389883,57.95017,987.85205
2024-04-15 15:00:00,23.004272,21.407925,57.876156,987.8545
2024-04-15 16:00:00,23.016903,21.410595,57.83152,987.8564
2024-04-15 17:00:00,23.02331,21.398735,57.818207,987.85767
2024-04-15 18:00:00,23.0234,21.374569,57.835075,987.85815
2024-04-15 19:00:00,23.017677,21.341394,57.87831,987.8578
2024-04-15 20:00:00,23.00715,21.303177,57.941887,987.8566
2024-04-15 21:00:00,22.993185,21.264074,58.01833,987.8549
2024-04-15 22:00:00,22.97737,21.228022,58.099457,987.8527
2024-04-15 23:00:00,22.96136,21.198341,58.177147,987.85034
2024-04-16 00:00:00,22.946722,21.177456,58.244102,987.84814
2024-04-16 01:00:00,22.934786,21.16674,58.2945,987.8461
2024-04-16 02:00:00,22.926554,21.16646,58.324482,987.8446
2024-04-16 03:00:00,22.922615,21.175861,58.332443,987.8437
2024-04-16 04:00:00,22.923094,21.193333,58.319023,987.84326
2024-04-16 05:00:00,22.927683,21.21663,58.286945,987.8435
2024-04-16 06:00:00,22.93568,21.24314,58.240585,987.8443
2024-04-16 07:00:00,22.946087,21.270134,58.185425,987.84534
2024-04-16 08:00:00,22.95775,21.295036,58.127472,987.8467
2024-04-16 09:00:00,22.969433,21.315632,58.072563,987.848
2024-04-16 10:00:00,22.980011,21.330246,58.025833,987.8494
2024-04-16 11:00:00,22.98853,21.337864,57.991264,987.85046
2024-04-16 12:00:00,22.994312,21.338188,57.971382,987.8514
2024-04-16 13:00:00,22.996996,21.331636,57.96708,987.8518
2024-04-16 14:00:00,22.996546,21.319273,57.977707,987.8519
2024-04-16 15:00:00,22.993235,21.302673,58.00118,987.8517
2024-04-16 16:00:00,22.987597,21.283743,58.034298,987.85114
2024-04-16 17:00:00,22.980354,21.264511,58.07317,987.85034
2024-04-16 18:00:00,22.97233,21.246927,58.11358,987.8493
2024-04-16 19:00:00,22.964365,21.23263,58.15146,987.84827
2024-04-16 20:00:00,22.957243,21.222841,58.183266,987.8472
2024-04-16 21:00:00,22.951609,21.218227,58.206303,987.8463
2024-04-16 22:00:00,22.94791,21.21888,58.21892,987.84564
2024-04-16 23:00:00,22.946388,21.224348,58.22063,987.8452
2024-04-17 00:00:00,22.947035,21.233744,58.21202,987.845
2024-04-17 01:00:00,22.949642,21.245842,58.194668,987.8451
2024-04-17 02:00:00,22.953825,21.25926,58.17089,987.8455
2024-04-17 03:00:00,22.959064,21.272593,58.143444,987.8461
2024-04-17 04:00:00,22.964783,21.284561,58.115234,987.8468
2024-04-17 05:00:00,22.970394,21.294111,58.08903,987.8475
2024-04-17 06:00:00,22.975374,21.300516,58.06722,987.84814
2024-04-17 07:00:00,22.979286,21.303394,58.051575,987.84875
2024-04-17 08:00:00,22.981836,21.30273,58.043182,987.8492
2024-04-17 09:00:00,22.98287,21.298843,58.042355,987.8494
2024-04-17 10:00:00,22.98239,21.292324,58.048653,987.8494
2024-04-17 11:00:00,22.980558,21.283978,58.060993,987.8493
2024-04-17 12:00:00,22.977636,21.274723,58.07778,987.849
2024-04-17 13:00:00,22.973986,21.265514,58.097084,987.8485
2024-04-17 14:00:00,22.970013,21.25723,58.11685,987.848
2024-04-17 15:00:00,22.966122,21.25062,58.135128,987.8475
2024-04-17 16:00:00,22.962696,21.246212,58.150208,987.84705
2024-04-17 17:00:00,22.960037,21.2443,58.160828,987.84656
2024-04-17 18:00:00,22.958364,21.244915,58.16624,987.8463
2024-04-17 19:00:00,22.957767,21.247828,58.166267,987.8461
2024-04-17 20:00:00,22.958237,21.252607,58.161274,987.8461
2024-04-17 21:00:00,22.95966,21.258663,58.152092,987.8462
2024-04-17 22:00:00,22.961815,21.26531,58.139927,987.8463
2024-04-17 23:00:00,22.964462,21.271858,58.126186,987.8467
2024-04-18 00:00:00,22.967297,21.277662,58.11231,987.84705
2024-04-18 01:00:00,22.97003,21.282207,58.099674,987.84735
2024-04-18 02:00:00,22.972403,21.285135,58.08941,987.8477
2024-04-18 03:00:00,22.974209,21.286268,58.082336,987.84796
2024-04-18 04:00:00,22.975325,21.285633,58.078922,987.84814
2024-04-18 05:00:00,22.975681,21.283411,58.079224,987.84827
2024-04-18 06:00:00,22.9753,21.279943,58.08296,987.84827
2024-04-18 07:00:00,22.974283,21.275652,58.089516,987.84814
2024-04-18 08:00:00,22.972757,21.271023,58.098072,987.848
2024-04-18 09:00:00,22.970919,21.266521,58.107662,987.84784
2024-04-18 10:00:00,22.968958,21.262585,58.117275,987.8476
2024-04-18 11:00:00,22.96708,21.259548,58.125984,987.8472
2024-04-18 12:00:00,22.96546,21.257639,58.13301,987.84705
2024-04-18 13:00:00,22.96424,21.256966,58.13778,987.8469
2024-04-18 14:00:00,22.963505,21.2575,58.13998,987.8467
2024-04-18 15:00:00,22.963297,21.259113,58.139584,987.8467
2024-04-18 16:00:00,22.963604,21.261574,58.136803,987.8467
2024-04-18 17:00:00,22.96436,21.264584,58.132053,987.8467
2024-04-18 18:00:00,22.96546,21.267822,58.12594,987.8468
2024-04-18 19:00:00,22.966776,21.27096,58.119144,987.84705
2024-04-18 20:00:00,22.968164,21.2737,58.112373,987.84717
2024-04-18 21:00:00,22.969486,21.275803,58.1063,987.84735
2024-04-18 22:00:00,22.970613,21.277111,58.101467,987.8475
2024-04-18 23:00:00,22.971453,21.27754,58.09826,987.8476
2024-04-19 00:00:00,22.97194,21.277115,58.096874,987.8477
2024-04-19 01:00:00,22.972054,21.275928,58.09732,987.8477
2024-04-19 02:00:00,22.97181,21.27415,58.09943,987.8477
2024-04-19 03:00:00,22.971254,21.271994,58.10288,987.8477
2024-04-19 04:00:00,22.970467,21.2697,58.107235,987.8476
2024-04-19 05:00:00,22.969536,21.267502,58.112007,987.8475
2024-04-19 06:00:00,22.96857,21.265608,58.116703,987.84735
2024-04-19 07:00:00,22.967657,21.264189,58.12086,987.8472
2024-04-19 08:00:00,22.966892,21.263344,58.12413,987.84717
2024-04-19 09:00:00,22.966328,21.26312,58.12625,987.84705
2024-04-19 10:00:00,22.966011,21.26349,58.1271,987.84705
2024-04-19 11:00:00,22.965958,21.26438,58.126682,987.8469
2024-04-19 12:00:00,22.966154,21.26566,58.125114,987.8469
2024-04-19 13:00:00,22.966562,21.267185,58.12264,987.84705
2024-04-19 14:00:00,22.967129,21.268785,58.119553,987.84705
2024-04-19 15:00:00,22.967783,21.270298,58.116203,987.84717
2024-04-19 16:00:00,22.968462,21.271585,58.112938,987.8472
2024-04-19 17:00:00,22.969091,21.272541,58.110054,987.8472
2024-04-19 18:00:00,22.969624,21.273094,58.10782,987.84735
2024-04-19 19:00:00,22.970007,21.273224,58.10639,987.8475
2024-04-19 20:00:00,22.970213,21.27294,58.105865,987.8475
2024-04-19 21:00:00,22.97024,21.272306,58.106236,987.8475
2024-04-19 22:00:00,22.970093,21.271402,58.107388,987.8475
2024-04-19 23:00:00,22.969799,21.270332,58.109158,987.8475
2024-04-20 00:00:00,22.969397,21.269217,58.111343,987.84735
2024-04-20 01:00:00,22.968935,21.26816,58.113705,987.84735
2024-04-20 02:00:00,22.968458,21.267263,58.115993,987.8472
2024-04-20 03:00:00,22.968014,21.266605,58.117985,987.8472
2024-04-20 04:00:00,22.967653,21.266233,58.11952,987.84717
2024-04-20 05:00:00,22.967394,21.266165,58.12047,987.84717
2024-04-20 06:00:00,22.967257,21.266384,58.12078,987.84717
2024-04-20 07:00:00,22.967253,21.266851,58.12047,987.84717
2024-04-20 08:00:00,22.96737,21.267508,58.119614,987.84717
2024-04-20 09:00:00,22.96758,21.268272,58.118324,987.84717
2024-04-20 10:00:00,22.96787,21.269062,58.116768,987.84717
2024-04-20 11:00:00,22.968197,21.269798,58.115112,987.8472
2024-04-20 12:00:00,22.968534,21.270416,58.11352,987.8472
2024-04-20 13:00:00,22.968836,21.270859,58.112144,987.8472
2024-04-20 14:00:00,22.96909,21.2711,58.11111,987.84735
2024-04-20 15:00:00,22.96926,21.271126,58.11048,987.84735
2024-04-20 16:00:00,22.969345,21.27095,58.110294,987.84735
2024-04-20 17:00:00,22.96934,21.27061,58.11054,987.84735
2024-04-20 18:00:00,22.969255,21.270144,58.111168,987.84735
2024-04-20 19:00:00,22.969099,21.269606,58.11209,987.84735
2024-04-20 20:00:00,22.968891,21.269056,58.11319,987.84735
2024-04-20 21:00:00,22.968664,21.268545,58.114346,987.8472
2024-04-20 22:00:00,22.968435,21.268126,58.115444,987.8472
2024-04-20 23:00:00,22.968224,21.267826,58.1164,987.8472
2024-04-21 00:00:00,22.96805,21.267668,58.117115,987.8472
2024-04-21 01:00:00,22.96793,21.267658,58.117542,987.8472
2024-04-21 02:00:00,22.967875,21.267788,58.117645,987.84717
2024-04-21 03:00:00,22.96788,21.268036,58.11745,987.84717
2024-04-21 04:00:00,22.967943,21.268368,58.11699,987.84717
2024-04-21 05:00:00,22.968058,21.268747,58.116325,987.8472
2024-04-21 06:00:00,22.968208,21.269136,58.11554,987.8472
2024-04-21 07:00:00,22.96837,21.269493,58.11471,987.8472
2024-04-21 08:00:00,22.968534,21.269785,58.113945,987.8472
2024-04-21 09:00:00,22.968685,21.269987,58.113293,987.8472
2024-04-21 10:00:00,22.968801,21.270092,58.112804,987.8472
2024-04-21 11:00:00,22.968882,21.270086,58.112526,987.8472
2024-04-21 12:00:00,22.968918,21.269985,58.11248,987.84735
2024-04-21 13:00:00,22.968908,21.269806,58.112644,987.84735
2024-04-21 14:00:00,22.968855,21.269564,58.112988,987.84735
2024-04-21 15:00:00,22.968775,21.26929,58.113472,987.84735
2024-04-21 16:00:00,22.968672,21.269016,58.11403,987.8472
2024-04-21 17:00:00,22.968557,21.268774,58.114597,987.8472
2024-04-21 18:00:00,22.968445,21.268576,58.115128,987.8472
2024-04-21 19:00:00,22.968342,21.268444,58.115574,987.8472
2024-04-21 20:00:00,22.968258,21.268381,58.1159,987.8472
2024-04-21 21:00:00,22.968204,21.268389,58.11607,987.8472
2024-04-21 22:00:00,22.968184,21.268469,58.11609,987.8472
2024-04-21 23:00:00,22.968191,21.268602,58.11596,987.8472
2024-04-22 00:00:00,22.968231,21.268772,58.11571,987.8472
2024-04-22 01:00:00,22.96829,21.26896,58.11536,987.8472
2024-04-22 02:00:00,22.96836,21.269148,58.114975,987.8472
2024-04-22 03:00:00,22.968441,21.269318,58.114582,987.8472
2024-04-22 04:00:00,22.968517,21.269451,58.114216,987.8472
2024-04-22 05:00:00,22.968592,21.269539,58.11391,987.8472
2024-04-22 06:00:00,22.968645,21.26958,58.113693,987.8472
2024-04-22 07:00:00,22.968681,21.269571,58.11358,987.8472
2024-04-22 08:00:00,22.968699,21.269516,58.11357,987.8472
2024-04-22 09:00:00,22.968689,21.26942,58.113674,987.8472
2024-04-22 10:00:00,22.968664,21.269302,58.11385,987.8472
2024-04-22 11:00:00,22.968622,21.269169,58.11408,987.8472
2024-04-22 12:00:00,22.96857,21.269041,58.114353,987.8472
2024-04-22 13:00:00,22.968515,21.26892,58.11464,987.8472
2024-04-22 14:00:00,22.968458,21.268827,58.114895,987.8472
2024-04-22 15:00:00,22.96841,21.268766,58.1151,987.8472
2024-04-22 16:00:00,22.968374,21.26874,58.115242,987.8472
2024-04-22 17:00:00,22.968351,21.268753,58.11532,987.8472
2024-04-22 18:00:00,22.968344,21.268795,58.11532,987.8472
2024-04-22 19:00:00,22.968348,21.268864,58.115253,987.8472
2024-04-22 20:00:00,22.96837,21.268948,58.11514,987.8472
2024-04-22 21:00:00,22.968401,21.26904,58.114975,987.8472
2024-04-22 22:00:00,22.968437,21.269129,58.114784,987.8472
2024-04-22 23:00:00,22.968477,21.26921,58.114574,987.8472
2024-04-23 00:00:00,22.968515,21.269278,58.11439,987.8472
2024-04-23 01:00:00,22.968552,21.26932,58.114246,987.8472
2024-04-23 02:00:00,22.968575,21.269333,58.114147,987.8472
2024-04-23 03:00:00,22.968592,21.269323,58.114098,987.8472
2024-04-23 04:00:00,22.968597,21.269293,58.114098,987.8472
2024-04-23 05:00:00,22.968592,21.269249,58.11415,987.8472
2024-04-23 06:00:00,22.968578,21.26919,58.11425,987.8472
2024-04-23 07:00:00,22.968557,21.269123,58.11437,987.8472
2024-04-23 08:00:00,22.968529,21.269058,58.114494,987.8472
2024-04-23 09:00:00,22.968502,21.269005,58.114635,987.8472
2024-04-23 10:00:00,22.968477,21.268963,58.114758,987.8472
2024-04-23 11:00:00,22.968454,21.268934,58.114857,987.8472
2024-04-23 12:00:00,22.968431,21.268923,58.11492,987.8472
2024-04-23 13:00:00,22.968424,21.268932,58.11494,987.8472
2024-04-23 14:00:00,22.968422,21.268955,58.11493,987.8472
2024-04-23 15:00:00,22.968428,21.268991,58.114895,987.8472
2024-04-23 16:00:00,22.968431,21.269033,58.11483,987.8472
2024-04-23 17:00:00,22.968445,21.269075,58.11475,987.8472
2024-04-23 18:00:00,22.968464,21.26912,58.114655,987.8472
2024-04-23 19:00:00,22.968485,21.269157,58.11456,987.8472
2024-04-23 20:00:00,22.968504,21.269186,58.11448,987.8472
2024-04-23 21:00:00,22.968517,21.269203,58.11441,987.8472
2024-04-23 22:00:00,22.96853,21.269207,58.11437,987.8472
2024-04-23 23:00:00,22.968538,21.2692,58.114353,987.8472
2024-04-24 00:00:00,22.968542,21.269188,58.114353,987.8472
2024-04-24 01:00:00,22.968542,21.269167,58.11438,987.8472
2024-04-24 02:00:00,22.96853,21.269138,58.11442,987.8472
2024-04-24 03:00:00,22.968525,21.26911,58.114475,987.8472
2024-04-24 04:00:00,22.968512,21.26908,58.114544,987.8472
2024-04-24 05:00:00,22.968498,21.269053,58.114616,987.8472
2024-04-24 06:00:00,22.968485,21.269033,58.114677,987.8472
2024-04-24 07:00:00,22.968475,21.26902,58.114723,987.8472
2024-04-24 08:00:00,22.968464,21.269014,58.11475,987.8472
2024-04-24 09:00:00,22.968464,21.269018,58.11476,987.8472
2024-04-24 10:00:00,22.968458,21.26903,58.11475,987.8472
2024-04-24 11:00:00,22.968458,21.269045,58.114723,987.8472
2024-04-24 12:00:00,22.968464,21.269068,58.114693,987.8472
2024-04-24 13:00:00,22.968472,21.269087,58.114655,987.8472
2024-04-24 14:00:00,22.968477,21.269108,58.114613,987.8472
2024-04-24 15:00:00,22.968485,21.269123,58.114574,987.8472
2024-04-24 16:00:00,22.96849,21.269138,58.114544,987.8472
2024-04-24 17:00:00,22.968494,21.269142,58.114517,987.8472
2024-04-24 18:00:00,22.968502,21.269146,58.114494,987.8472
2024-04-24 19:00:00,22.968504,21.269138,58.114487,987.8472
2024-04-24 20:00:00,22.968512,21.269133,58.11449,987.8472
2024-04-24 21:00:00,22.968504,21.269123,58.114506,987.8472
2024-04-24 22:00:00,22.968504,21.26911,58.114532,987.8472
2024-04-24 23:00:00,22.968498,21.269096,58.114555,987.8472
2024-04-25 00:00:00,22.96849,21.269087,58.114582,987.8472
2024-04-25 01:00:00,22.968485,21.269075,58.114613,987.8472
2024-04-25 02:00:00,22.968477,21.269066,58.11464,987.8472
2024-04-25 03:00:00,22.968475,21.269062,58.114662,987.8472
2024-04-25 04:00:00,22.968472,21.269058,58.114666,987.8472
2024-04-25 05:00:00,22.968472,21.26906,58.114666,987.8472
2024-04-25 06:00:00,22.968475,21.269066,58.114662,987.8472
2024-04-25 07:00:00,22.968477,21.269075,58.114643,987.8472
2024-04-25 08:00:00,22.968477,21.269085,58.114628,987.8472
2024-04-25 09:00:00,22.968477,21.269094,58.114616,987.8472
2024-04-25 10:00:00,22.968481,21.269102,58.11461,987.8472
2024-04-25 11:00:00,22.968485,21.269108,58.1146,987.8472
2024-04-25 12:00:00,22.968489,21.269112,58.114597,987.8472
2024-04-25 13:00:00,22.96849,21.269114,58.114586,987.8472
2024-04-25 14:00:00,22.968494,21.269114,58.114574,987.8472
2024-04-25 15:00:00,22.968494,21.26911,58.114563,987.8472
2024-04-25 16:00:00,22.968498,21.269106,58.114563,987.8472
2024-04-25 17:00:00,22.968494,21.2691,58.11457,987.8472
2024-04-25 18:00:00,22.968494,21.269096,58.114574,987.8472
2024-04-25 19:00:00,22.96849,21.269094,58.114586,987.8472
2024-04-25 20:00:00,22.968489,21.26909,58.11459,987.8472
2024-04-25 21:00:00,22.968485,21.269087,58.11459,987.8472
2024-04-25 22:00:00,22.968485,21.269085,58.11459,987.8472
2024-04-25 23:00:00,22.968485,21.269085,58.11459,987.8472
2024-04-26 00:00:00,22.968485,21.269085,58.11459,987.8472
2024-04-26 01:00:00,22.968485,21.269085,58.11459,987.8472
2024-04-26 02:00:00,22.968485,21.269087,58.114597,987.8472
2024-04-26 03:00:00,22.968481,21.269087,58.114597,987.8472
2024-04-26 04:00:00,22.968485,21.269089,58.11459,987.8472
2024-04-26 05:00:00,22.968485,21.269094,58.114586,987.8472
2024-04-26 06:00:00,22.968485,21.269096,58.114582,987.8472
2024-04-26 07:00:00,22.968485,21.269098,58.11457,987.8472
2024-04-26 08:00:00,22.968485,21.2691,58.114563,987.8472
2024-04-26 09:00:00,22.968485,21.269102,58.114563,987.8472
2024-04-26 10:00:00,22.968485,21.269102,58.11457,987.8472
2024-04-26 11:00:00,22.968485,21.269102,58.114563,987.8472
2024-04-26 12:00:00,22.968485,21.2691,58.114563,987.8472
2024-04-26 13:00:00,22.968485,21.2691,58.11457,987.8472
2024-04-26 14:00:00,22.968485,21.269096,58.114574,987.8472
2024-04-26 15:00:00,22.968485,21.269096,58.114582,987.8472
2024-04-26 16:00:00,22.968485,21.269094,58.114574,987.8472
2024-04-26 17:00:00,22.968485,21.269094,58.114563,987.8472
2024-04-26 18:00:00,22.968485,21.269096,58.11456,987.8472
2024-04-26 19:00:00,22.968489,21.269098,58.114555,987.8472
2024-04-26 20:00:00,22.968485,21.269102,58.114548,987.8472
2024-04-26 21:00:00,22.968485,21.269102,58.114548,987.8472
2024-04-26 22:00:00,22.968489,21.269104,58.114555,987.8472
2024-04-26 23:00:00,22.968485,21.269102,58.114563,987.8472
2024-04-27 00:00:00,22.968485,21.269096,58.11457,987.8472
2024-04-27 01:00:00,22.968485,21.269094,58.114582,987.8472
2024-04-27 02:00:00,22.968485,21.26909,58.11459,987.8472
2024-04-27 03:00:00,22.968485,21.26909,58.114597,987.8472
2024-04-27 04:00:00,22.968485,21.26909,58.11459,987.8472
2024-04-27 05:00:00,22.968485,21.269094,58.114582,987.8472
2024-04-27 06:00:00,22.968485,21.269096,58.11457,987.8472
2024-04-27 07:00:00,22.968485,21.269098,58.114563,987.8472
2024-04-27 08:00:00,22.968485,21.269102,58.11457,987.8472
2024-04-27 09:00:00,22.968485,21.269102,58.11457,987.8472
2024-04-27 10:00:00,22.968485,21.2691,58.11457,987.8472
2024-04-27 11:00:00,22.968485,21.2691,58.114574,987.8472
2024-04-27 12:00:00,22.968485,21.269096,58.114582,987.8472
2024-04-27 13:00:00,22.968485,21.269094,58.11459,987.8472
2024-04-27 14:00:00,22.968485,21.26909,58.11459,987.8472
2024-04-27 15:00:00,22.968485,21.26909,58.11459,987.8472
2024-04-27 16:00:00,22.968485,21.26909,58.11459,987.8472
2024-04-27 17:00:00,22.968485,21.269093,58.11459,987.8472
2024-04-27 18:00:00,22.968485,21.269094,58.114586,987.8472
2024-04-27 19:00:00,22.968485,21.269096,58.114582,987.8472
2024-04-27 20:00:00,22.968489,21.2691,58.11457,987.8472
2024-04-27 21:00:00,22.96849,21.269104,58.11457,987.8472
2024-04-27 22:00:00,22.96849,21.269104,58.11457,987.8472
2024-04-27 23:00:00,22.96849,21.269104,58.11457,987.8472
2024-04-28 00:00:00,22.968489,21.269102,58.114582,987.8472
2024-04-28 01:00:00,22.968485,21.269096,58.11459,987.8472
2024-04-28 02:00:00,22.968485,21.269093,58.114597,987.8472
2024-04-28 03:00:00,22.968485,21.26909,58.114597,987.8472
2024-04-28 04:00:00,22.968485,21.269087,58.11459,987.8472
2024-04-28 05:00:00,22.968485,21.269087,58.11459,987.8472
2024-04-28 06:00:00,22.968485,21.269087,58.114586,987.8472
2024-04-28 07:00:00,22.968485,21.26909,58.114582,987.8472
2024-04-28 08:00:00,22.968485,21.269094,58.114582,987.8472
2024-04-28 09:00:00,22.968485,21.269096,58.114582,987.8472
2024-04-28 10:00:00,22.968485,21.269098,58.114574,987.8472
2024-04-28 11:00:00,22.968485,21.2691,58.11457,987.8472
2024-04-28 12:00:00,22.968485,21.2691,58.114574,987.8472
2024-04-28 13:00:00,22.968485,21.2691,58.114582,987.8472
2024-04-28 14:00:00,22.968485,21.269096,58.114582,987.8472
2024-04-28 15:00:00,22.968485,21.269096,58.114582,987.8472
2024-04-28 16:00:00,22.968485,21.269096,58.114574,987.8472
2024-04-28 17:00:00,22.968485,21.269096,58.11457,987.8472
2024-04-28 18:00:00,22.968485,21.269096,58.11457,987.8472
2024-04-28 19:00:00,22.968481,21.269096,58.11457,987.8472
2024-04-28 20:00:00,22.968481,21.269096,58.11457,987.8472
2024-04-28 21:00:00,22.968481,21.269096,58.114563,987.8472
2024-04-28 22:00:00,22.968485,21.269098,58.11456,987.8472
2024-04-28 23:00:00,22.968485,21.269096,58.114563,987.8472
2024-04-29 00:00:00,22.968481,21.269098,58.11457,987.8472
2024-04-29 01:00:00,22.968481,21.269096,58.11457,987.8472
2024-04-29 02:00:00,22.968481,21.269094,58.11457,987.8472
2024-04-29 03:00:00,22.968485,21.269096,58.114563,987.8472
2024-04-29 04:00:00,22.968485,21.269096,58.11456,987.8472
2024-04-29 05:00:00,22.968485,21.2691,58.114563,987.8472
2024-04-29 06:00:00,22.968485,21.2691,58.11457,987.8472
2024-04-29 07:00:00,22.968485,21.269096,58.114574,987.8472
2024-04-29 08:00:00,22.968485,21.269096,58.114574,987.8472
2024-04-29 09:00:00,22.968485,21.269096,58.11457,987.8472
2024-04-29 10:00:00,22.968489,21.269096,58.114574,987.8472
2024-04-29 11:00:00,22.968485,21.269096,58.114582,987.8472
2024-04-29 12:00:00,22.968485,21.269094,58.114582,987.8472
2024-04-29 13:00:00,22.968485,21.269093,58.114574,987.8472
2024-04-29 14:00:00,22.968485,21.269094,58.11457,987.8472
2024-04-29 15:00:00,22.968485,21.269094,58.11457,987.8472
2024-04-29 16:00:00,22.968485,21.269096,58.11457,987.8472
2024-04-29 17:00:00,22.968485,21.269096,58.114563,987.8472
2024-04-29 18:00:00,22.968485,21.269098,58.114563,987.8472
2024-04-29 19:00:00,22.968485,21.2691,58.11457,987.8472
2024-04-29 20:00:00,22.968485,21.2691,58.11457,987.8472
2024-04-29 21:00:00,22.968485,21.2691,58.11457,987.8472
2024-04-29 22:00:00,22.968485,21.2691,58.11457,987.8472
2024-04-29 23:00:00,22.968481,21.269098,58.11457,987.8472
